group_dimension,group_value,root_id,root_name_cn,exposure_count,avg_preference_score,avg_watch_ratio,like_rate,collect_rate,forward_rate
gender,F,1,舞蹈,585,0.42189473310528275,0.6037166908512457,0.023931623931623933,0.008547008547008548,0.0017094017094017094
gender,F,2,音乐,1522,0.3078136556531962,0.3734886609784853,0.045992115637319315,0.011826544021024968,0.0019710906701708277
gender,F,3,游戏,1375,0.38831825218602195,0.5176850048578265,0.03490909090909091,0.01090909090909091,0.006545454545454545
gender,F,4,美妆,1159,0.32116713765823385,0.433118037668283,0.022433132010353754,0.004314063848144953,0.0025884383088869713
gender,F,5,穿搭,571,0.3285741479391414,0.48735279178112917,0.008756567425569177,0.0035026269702276708,0.0
gender,F,6,明星娱乐,1757,0.41499190397109526,0.5574790049670706,0.03927148548662493,0.010244735344336939,0.0022766078542970974
gender,F,7,运动,967,0.41961648471921204,0.5923225111420845,0.02998965873836608,0.008273009307135471,0.004136504653567736
gender,F,8,颜值,213,0.40293805601338106,0.590775231412104,0.051643192488262914,0.009389671361502348,0.0
gender,F,9,搞笑,4193,0.3914224083202624,0.5209522608959247,0.026234199856904363,0.009301216312902457,0.0028619127116622945
gender,F,10,旅游,360,0.31316129641006984,0.38863004140509344,0.022222222222222223,0.008333333333333333,0.002777777777777778
gender,F,11,生活,1981,0.38737707279773015,0.5330237043157814,0.02221100454316002,0.003028773346794548,0.0005047955577990914
gender,F,12,美食,3306,0.33847963615842014,0.43824943008653416,0.014216575922565033,0.002117362371445856,0.0018148820326678765
gender,F,13,三农,783,0.3656507820850662,0.49267649318179885,0.019157088122605363,0.0038314176245210726,0.002554278416347382
gender,F,14,教育,246,0.3971882691291634,0.554727318932016,0.028455284552845527,0.008130081300813009,0.0
gender,F,15,才艺,1225,0.37497728262028207,0.5028157300858876,0.0236734693877551,0.007346938775510204,0.0032653061224489797
gender,F,16,健康,479,0.3643769070560073,0.4969915958238344,0.014613778705636743,0.0041753653444676405,0.0041753653444676405
gender,F,17,动物,828,0.3973124981878306,0.5419880528704341,0.042270531400966184,0.00966183574879227,0.0012077294685990338
gender,F,18,汽车,408,0.35046418132050733,0.45277443343555,0.004901960784313725,0.004901960784313725,0.004901960784313725
gender,F,19,情感,1351,0.370131151056172,0.4846733860957124,0.03923019985196151,0.008142116950407105,0.0022205773501110288
gender,F,20,二次元,1288,0.414487921036197,0.5528303007153584,0.05512422360248447,0.013975155279503106,0.002329192546583851
gender,F,21,历史,86,0.369203747665922,0.4845354599294391,0.023255813953488372,0.011627906976744186,0.0
gender,F,22,财经,176,0.3097046582013656,0.3700507555989942,0.022727272727272728,0.0,0.0
gender,F,23,宗教,51,0.3734996698902435,0.507559179276794,0.0784313725490196,0.0,0.0
gender,F,24,星座命理,132,0.44084164558801314,0.6118029834615779,0.045454545454545456,0.007575757575757576,0.0
gender,F,25,亲子,2468,0.4004448311102179,0.554410087502267,0.017017828200972446,0.007698541329011345,0.003646677471636953
gender,F,26,摄影,178,0.35535250476920716,0.5015324076019834,0.06179775280898876,0.011235955056179775,0.0056179775280898875
gender,F,27,高新数码,112,0.3543233791373273,0.5036551282416797,0.017857142857142856,0.0,0.0
gender,F,28,资讯,883,0.42231826826794844,0.5967711863108053,0.020385050962627407,0.0056625141562853904,0.0011325028312570782
gender,F,29,科学,167,0.3839794280040359,0.49254244147270787,0.041916167664670656,0.023952095808383235,0.011976047904191617
gender,F,30,法律,116,0.3568368273012212,0.4682580836578861,0.008620689655172414,0.0,0.0
gender,F,34,随手拍,280,0.43564170203966984,0.6272196553262505,0.02142857142857143,0.007142857142857143,0.0
gender,F,35,军事,52,0.3810496848262408,0.4878027184172872,0.038461538461538464,0.019230769230769232,0.0
gender,F,36,房产家居,462,0.3791407596847792,0.53084670983342,0.017316017316017316,0.006493506493506494,0.0
gender,F,37,奇人异象,122,0.3571532425548168,0.46125128582309005,0.040983606557377046,0.00819672131147541,0.0
gender,F,38,读书,355,0.3198183235647066,0.3729296079215701,0.022535211267605635,0.0028169014084507044,0.005633802816901409
gender,F,39,影视和短剧,6893,0.3217148723534916,0.38232687432745543,0.022051356448571015,0.006963586246917162,0.0031916436965036994
gender,M,1,舞蹈,751,0.42144557376638364,0.6077189743291833,0.02529960053262317,0.006657789613848202,0.002663115845539281
gender,M,2,音乐,2889,0.29179135174146,0.34207547031350943,0.02596053997923157,0.004499826929733472,0.003115264797507788
gender,M,3,游戏,3278,0.37208562856869626,0.48754436339786195,0.021964612568639415,0.00823672971323978,0.0012202562538133007
gender,M,4,美妆,676,0.34843486934054174,0.47827735593098686,0.016272189349112426,0.0,0.0
gender,M,5,穿搭,633,0.2971475468239992,0.4264152962597559,0.009478672985781991,0.00315955766192733,0.001579778830963665
gender,M,6,明星娱乐,1877,0.3678183920079957,0.4784409184857727,0.013851891315929675,0.004262120404901438,0.0005327650506126798
gender,M,7,运动,2170,0.4236695354913905,0.5961831971493265,0.02165898617511521,0.004608294930875576,0.0013824884792626728
gender,M,8,颜值,311,0.3526515573709845,0.5262210385307338,0.00964630225080386,0.0,0.003215434083601286
gender,M,9,搞笑,7430,0.38306782096157405,0.5059351223012247,0.017362045760430687,0.004441453566621804,0.0014804845222072679
gender,M,10,旅游,944,0.2853252096803972,0.34973398761368873,0.01059322033898305,0.00211864406779661,0.001059322033898305
gender,M,11,生活,4317,0.3804209229448737,0.5196727695934535,0.014361825341672458,0.0032429928190873293,0.002779708130646282
gender,M,12,美食,3992,0.32960505208497687,0.4212833266105698,0.015280561122244489,0.00250501002004008,0.002004008016032064
gender,M,13,三农,2029,0.376395698184523,0.5129367193652015,0.015278462296697881,0.006407097092163627,0.001971414489896501
gender,M,14,教育,334,0.4286375975319776,0.6050230044955456,0.014970059880239521,0.005988023952095809,0.0029940119760479044
gender,M,15,才艺,2007,0.35685391014973156,0.4736486715058531,0.01245640259093174,0.004484304932735426,0.0004982561036372695
gender,M,16,健康,994,0.35915203842264193,0.4782408365573576,0.008048289738430584,0.002012072434607646,0.006036217303822937
gender,M,17,动物,1494,0.3885093044855329,0.5256178802638496,0.01740294511378849,0.004016064257028112,0.0013386880856760374
gender,M,18,汽车,1965,0.34374555686504654,0.44620867315783597,0.008651399491094147,0.0015267175572519084,0.005089058524173028
gender,M,19,情感,2262,0.3656512829059652,0.47624835635454693,0.021662245800176835,0.00618921308576481,0.002652519893899204
gender,M,20,二次元,1368,0.3922850589252276,0.5019853795457444,0.038011695906432746,0.01608187134502924,0.0021929824561403508
gender,M,21,历史,645,0.36130091377595763,0.4452337274263313,0.02635658914728682,0.006201550387596899,0.0031007751937984496
gender,M,22,财经,827,0.33793574509448904,0.4109441386353417,0.013301088270858524,0.0048367593712212815,0.0036275695284159614
gender,M,23,宗教,138,0.3751185875271491,0.5271556373389142,0.0,0.007246376811594203,0.007246376811594203
gender,M,24,星座命理,327,0.4048613961829783,0.5416507619866539,0.01834862385321101,0.0061162079510703364,0.0
gender,M,25,亲子,2188,0.41152924024873827,0.5724319706899745,0.01782449725776965,0.006855575868372943,0.0004570383912248629
gender,M,26,摄影,222,0.3865760983767836,0.5462451835800395,0.03153153153153153,0.0045045045045045045,0.0
gender,M,27,高新数码,535,0.30780597443048885,0.40380559219236356,0.005607476635514018,0.003738317757009346,0.003738317757009346
gender,M,28,资讯,2247,0.40287156800992413,0.5525217953006968,0.014241210502892745,0.004005340453938585,0.0017801513128615932
gender,M,29,科学,470,0.3835873089459795,0.5099103319366919,0.010638297872340425,0.00425531914893617,0.006382978723404255
gender,M,30,法律,535,0.3506211548081674,0.44229415502541874,0.016822429906542057,0.009345794392523364,0.0
gender,M,34,随手拍,357,0.4012128402888609,0.5688327667794792,0.014005602240896359,0.0,0.0
gender,M,35,军事,660,0.3817036606777144,0.4881293469605773,0.02878787878787879,0.0,0.0
gender,M,36,房产家居,1006,0.3533424760922491,0.4820024982301803,0.007952286282306162,0.0009940357852882703,0.0019880715705765406
gender,M,37,奇人异象,403,0.38248859841320565,0.5033521100662909,0.01488833746898263,0.004962779156327543,0.004962779156327543
gender,M,38,读书,703,0.3123775583008014,0.36886810015951754,0.02275960170697013,0.00995732574679943,0.002844950213371266
gender,M,39,影视和短剧,11576,0.3120290350660333,0.3633394974131155,0.015117484450587422,0.0035418106427090533,0.000691085003455425
age_group,19-25,1,舞蹈,180,0.41874148571639824,0.5981150696291463,0.05555555555555555,0.005555555555555556,0.0
age_group,19-25,2,音乐,448,0.30111132520122613,0.3633327067963755,0.0625,0.020089285714285716,0.0
age_group,19-25,3,游戏,1265,0.3720467495688418,0.48751715099619647,0.03162055335968379,0.003952569169960474,0.0031620553359683794
age_group,19-25,4,美妆,455,0.3109462641113037,0.41675482378824513,0.04395604395604396,0.006593406593406593,0.0
age_group,19-25,5,穿搭,208,0.29694426050598166,0.4264359635175661,0.014423076923076924,0.0,0.0
age_group,19-25,6,明星娱乐,847,0.42356900516435025,0.5686290105580601,0.06847697756788666,0.010625737898465172,0.0011806375442739079
age_group,19-25,7,运动,500,0.4405868365687774,0.6213929701528388,0.04,0.0,0.002
age_group,19-25,8,颜值,119,0.400964950020788,0.5922470411292956,0.058823529411764705,0.008403361344537815,0.0
age_group,19-25,9,搞笑,1869,0.397883274692799,0.523314714227265,0.051899411449973246,0.008025682182985553,0.001070090957731407
age_group,19-25,10,旅游,198,0.2133141231207403,0.22936247337717822,0.030303030303030304,0.005050505050505051,0.0
age_group,19-25,11,生活,884,0.38084373920277015,0.5199111190278922,0.032805429864253395,0.006787330316742082,0.0011312217194570137
age_group,19-25,12,美食,1048,0.3175619308413856,0.3967873272302208,0.025763358778625955,0.004770992366412214,0.0009541984732824427
age_group,19-25,13,三农,161,0.3566292496269211,0.4833306996540276,0.024844720496894408,0.0,0.0
age_group,19-25,14,教育,100,0.43655142794842333,0.6056698398853851,0.05,0.02,0.0
age_group,19-25,15,才艺,295,0.39059899486306415,0.5173386326523837,0.04406779661016949,0.006779661016949152,0.0
age_group,19-25,16,健康,124,0.335677611842301,0.45741978258862576,0.016129032258064516,0.0,0.0
age_group,19-25,17,动物,365,0.4016291774710086,0.5409111097529263,0.06575342465753424,0.010958904109589041,0.0
age_group,19-25,18,汽车,304,0.3852540146539603,0.5151112606345317,0.009868421052631578,0.0,0.0
age_group,19-25,19,情感,346,0.3930002318180225,0.5094931291524457,0.06936416184971098,0.02601156069364162,0.0
age_group,19-25,20,二次元,672,0.42367889179467105,0.562738807162761,0.07291666666666667,0.011904761904761904,0.004464285714285714
age_group,19-25,21,历史,50,0.3890705949590628,0.5468235443534728,0.02,0.0,0.0
age_group,19-25,22,财经,59,0.2795654943202649,0.3274713433105698,0.01694915254237288,0.0,0.0
age_group,19-25,23,宗教,16,0.31761025147783206,0.45580055883962683,0.0,0.0,0.0
age_group,19-25,24,星座命理,90,0.44343780779151604,0.5854173506478133,0.03333333333333333,0.011111111111111112,0.0
age_group,19-25,25,亲子,471,0.42591878436224817,0.5827708804516563,0.03184713375796178,0.012738853503184714,0.004246284501061571
age_group,19-25,26,摄影,95,0.37304160858069596,0.5061743348576869,0.09473684210526316,0.010526315789473684,0.0
age_group,19-25,27,高新数码,208,0.30567862581980615,0.4191362625055521,0.004807692307692308,0.0,0.0
age_group,19-25,28,资讯,351,0.40939870728320216,0.574858792379892,0.019943019943019943,0.005698005698005698,0.0
age_group,19-25,29,科学,110,0.37233587957842007,0.48498882330557985,0.05454545454545454,0.01818181818181818,0.0
age_group,19-25,30,法律,39,0.3183254252228548,0.39399952043825276,0.05128205128205128,0.0,0.0
age_group,19-25,34,随手拍,125,0.4495792943372359,0.6452873207494131,0.024,0.0,0.0
age_group,19-25,35,军事,35,0.4259649699226105,0.5719856474470709,0.05714285714285714,0.0,0.0
age_group,19-25,36,房产家居,149,0.33945089593550426,0.4456104920863555,0.026845637583892617,0.006711409395973154,0.0
age_group,19-25,37,奇人异象,78,0.3743041488485467,0.4856331512873686,0.0641025641025641,0.0,0.0
age_group,19-25,38,读书,110,0.3407393637802643,0.3955824245622034,0.03636363636363636,0.01818181818181818,0.0
age_group,19-25,39,影视和短剧,2783,0.3070069219168054,0.3483772617035727,0.03557312252964427,0.007905138339920948,0.0025152712899748474
age_group,26-35,1,舞蹈,292,0.44207020573281003,0.6380795155172356,0.017123287671232876,0.010273972602739725,0.0
age_group,26-35,2,音乐,721,0.28907599919329285,0.34422498202608764,0.023578363384188627,0.009708737864077669,0.004160887656033287
age_group,26-35,3,游戏,1200,0.38545348607050767,0.510600339415943,0.029166666666666667,0.011666666666666667,0.0033333333333333335
age_group,26-35,4,美妆,419,0.34311520089873243,0.47857475033979796,0.016706443914081145,0.0,0.002386634844868735
age_group,26-35,5,穿搭,276,0.3076736442171039,0.4590815282119217,0.0,0.0036231884057971015,0.0
age_group,26-35,6,明星娱乐,841,0.38080453534540154,0.5101773397423244,0.01070154577883472,0.007134363852556481,0.0011890606420927466
age_group,26-35,7,运动,703,0.4311954621630826,0.6109385487613309,0.01991465149359886,0.00995732574679943,0.002844950213371266
age_group,26-35,8,颜值,128,0.39777128409861284,0.5940056313302507,0.015625,0.0,0.0
age_group,26-35,9,搞笑,2691,0.3781157847465418,0.4989386419113867,0.014492753623188406,0.008175399479747306,0.0018580453363062058
age_group,26-35,10,旅游,291,0.2812424317090537,0.3483126966577674,0.003436426116838488,0.006872852233676976,0.003436426116838488
age_group,26-35,11,生活,1312,0.38021213001528636,0.5209321046410158,0.010670731707317074,0.0038109756097560975,0.0007621951219512195
age_group,26-35,12,美食,1566,0.3405676447858055,0.4388660873202374,0.017241379310344827,0.001277139208173691,0.001277139208173691
age_group,26-35,13,三农,387,0.3588049244514827,0.49731556567742635,0.0,0.00516795865633075,0.0
age_group,26-35,14,教育,151,0.38160851170543664,0.534553131236511,0.013245033112582781,0.0,0.0
age_group,26-35,15,才艺,691,0.3807090895189565,0.5139732460446982,0.01881331403762663,0.00723589001447178,0.0
age_group,26-35,16,健康,183,0.4022350764185692,0.570844189248308,0.0,0.0,0.0
age_group,26-35,17,动物,462,0.4093638587748569,0.5605873148339774,0.017316017316017316,0.008658008658008658,0.0021645021645021645
age_group,26-35,18,汽车,559,0.3569427742356605,0.48495730788206814,0.007155635062611807,0.0017889087656529517,0.005366726296958855
age_group,26-35,19,情感,591,0.3815422135101288,0.5252169512483027,0.023688663282571912,0.005076142131979695,0.00338409475465313
age_group,26-35,20,二次元,784,0.40131754589640045,0.5213129110584661,0.042091836734693876,0.01403061224489796,0.0012755102040816326
age_group,26-35,21,历史,133,0.41558608376631756,0.5442430934155428,0.06015037593984962,0.007518796992481203,0.0
age_group,26-35,22,财经,140,0.31886376233329894,0.3906496305819341,0.02142857142857143,0.007142857142857143,0.007142857142857143
age_group,26-35,23,宗教,37,0.38980515356695433,0.5419093502689075,0.0,0.0,0.0
age_group,26-35,24,星座命理,104,0.45919777245985693,0.6529181268338701,0.019230769230769232,0.009615384615384616,0.0
age_group,26-35,25,亲子,1116,0.40044778160122657,0.5452802155853621,0.022401433691756272,0.008064516129032258,0.0017921146953405018
age_group,26-35,26,摄影,88,0.29073270518579925,0.4225878297058165,0.03409090909090909,0.0,0.0
age_group,26-35,27,高新数码,143,0.3118795260228898,0.40308892340750957,0.02097902097902098,0.013986013986013986,0.013986013986013986
age_group,26-35,28,资讯,604,0.4164562750033124,0.5792479400367943,0.009933774834437087,0.0033112582781456954,0.0
age_group,26-35,29,科学,158,0.38154383977084283,0.5117289266356282,0.0189873417721519,0.0,0.0
age_group,26-35,30,法律,91,0.3102491829133694,0.400065339319087,0.02197802197802198,0.02197802197802198,0.0
age_group,26-35,34,随手拍,145,0.4367032944266245,0.6294555968101233,0.027586206896551724,0.013793103448275862,0.0
age_group,26-35,35,军事,91,0.42168964642738177,0.5451467112305676,0.03296703296703297,0.0,0.0
age_group,26-35,36,房产家居,280,0.378873990843628,0.5355929955255225,0.007142857142857143,0.0,0.0
age_group,26-35,37,奇人异象,103,0.39519412485189975,0.5319308491854515,0.009708737864077669,0.009708737864077669,0.0
age_group,26-35,38,读书,179,0.31689911734846476,0.359093010619183,0.03910614525139665,0.01675977653631285,0.0
age_group,26-35,39,影视和短剧,3809,0.3099618276269144,0.3586386636509535,0.013914413231819375,0.004988185875557889,0.0010501443948542925
age_group,36-45,1,舞蹈,210,0.44635892504650887,0.6600568704737232,0.01904761904761905,0.0,0.009523809523809525
age_group,36-45,2,音乐,705,0.29043832217627097,0.35476443541141384,0.028368794326241134,0.011347517730496455,0.0028368794326241137
age_group,36-45,3,游戏,871,0.3848752751723847,0.5083463826384669,0.021814006888633754,0.012629161882893225,0.001148105625717566
age_group,36-45,4,美妆,320,0.31867521205308436,0.4360838045624096,0.00625,0.0,0.003125
age_group,36-45,5,穿搭,259,0.27807188641709357,0.4030894891200228,0.007722007722007722,0.003861003861003861,0.0
age_group,36-45,6,明星娱乐,633,0.3982140043215416,0.523677250256401,0.022116903633491312,0.00631911532385466,0.0
age_group,36-45,7,运动,614,0.4195661371702876,0.5901324944717936,0.017915309446254073,0.004885993485342019,0.003257328990228013
age_group,36-45,8,颜值,66,0.38396286086014303,0.565372014032641,0.0,0.0,0.0
age_group,36-45,9,搞笑,2172,0.3829128158414206,0.5033980472602629,0.017955801104972375,0.0055248618784530384,0.0023020257826887663
age_group,36-45,10,旅游,252,0.2998464188353149,0.37091091310845986,0.007936507936507936,0.0,0.0
age_group,36-45,11,生活,1109,0.3888932063257434,0.532997827502754,0.016230838593327322,0.0018034265103697023,0.002705139765554554
age_group,36-45,12,美食,1408,0.3184008237874311,0.407036552860958,0.014914772727272728,0.004261363636363636,0.0014204545454545455
age_group,36-45,13,三农,404,0.38232946659061706,0.5237134461089619,0.012376237623762377,0.009900990099009901,0.0
age_group,36-45,14,教育,109,0.42335961254530075,0.6033883336888437,0.009174311926605505,0.0,0.0
age_group,36-45,15,才艺,595,0.3878643115194731,0.5238814765792212,0.015126050420168067,0.0067226890756302525,0.0033613445378151263
age_group,36-45,16,健康,178,0.3340122052659547,0.45847905789438126,0.0056179775280898875,0.0056179775280898875,0.0056179775280898875
age_group,36-45,17,动物,429,0.40977456292462805,0.5555207847431517,0.018648018648018648,0.002331002331002331,0.0
age_group,36-45,18,汽车,496,0.35891353317772395,0.4837863461297091,0.004032258064516129,0.006048387096774193,0.016129032258064516
age_group,36-45,19,情感,500,0.37115543492254954,0.5030120776056657,0.016,0.004,0.0
age_group,36-45,20,二次元,535,0.4143575087327182,0.5413552115140362,0.041121495327102804,0.014953271028037384,0.0
age_group,36-45,21,历史,118,0.35375431385772,0.4480792661998298,0.00847457627118644,0.01694915254237288,0.0
age_group,36-45,22,财经,174,0.29300341133524566,0.35699353221370045,0.005747126436781609,0.0,0.005747126436781609
age_group,36-45,23,宗教,26,0.4373754824947533,0.6642532089626996,0.0,0.0,0.0
age_group,36-45,24,星座命理,92,0.4154070707921716,0.5792677195019812,0.03260869565217391,0.0,0.0
age_group,36-45,25,亲子,875,0.40177744644623276,0.5594800397217871,0.006857142857142857,0.008,0.002285714285714286
age_group,36-45,26,摄影,75,0.4313839517747751,0.5956680409809817,0.04,0.0,0.0
age_group,36-45,27,高新数码,108,0.29628674250760634,0.40327095042842565,0.0,0.0,0.0
age_group,36-45,28,资讯,560,0.431095353375648,0.6009261821046147,0.014285714285714285,0.005357142857142857,0.0017857142857142857
age_group,36-45,29,科学,141,0.39335155135747796,0.5098907603058217,0.014184397163120567,0.014184397163120567,0.014184397163120567
age_group,36-45,30,法律,97,0.29278119710529005,0.35623771178036956,0.020618556701030927,0.010309278350515464,0.0
age_group,36-45,34,随手拍,103,0.3833616576222084,0.5520226695811751,0.019417475728155338,0.0,0.0
age_group,36-45,35,军事,87,0.37402022577837724,0.46844852216395444,0.022988505747126436,0.011494252873563218,0.0
age_group,36-45,36,房产家居,254,0.3323120901690038,0.4528195179608658,0.011811023622047244,0.0,0.0
age_group,36-45,37,奇人异象,97,0.3622982959570842,0.47566860728149285,0.020618556701030927,0.0,0.010309278350515464
age_group,36-45,38,读书,166,0.3075998717243808,0.35089128120812857,0.006024096385542169,0.006024096385542169,0.0
age_group,36-45,39,影视和短剧,3315,0.30803649957709667,0.355717108160265,0.01297134238310709,0.004524886877828055,0.0015082956259426848
age_group,46-60,1,舞蹈,287,0.3935034680963958,0.5579209860136708,0.024390243902439025,0.017421602787456445,0.003484320557491289
age_group,46-60,2,音乐,1111,0.30760391970295525,0.3691928288628529,0.034203420342034205,0.004500450045004501,0.0036003600360036
age_group,46-60,3,游戏,681,0.36698227370137587,0.48100808742253875,0.016152716593245228,0.00881057268722467,0.002936857562408223
age_group,46-60,4,美妆,340,0.3263916634032998,0.43544552651713675,0.014705882352941176,0.0,0.0
age_group,46-60,5,穿搭,220,0.305640101182311,0.4364729521223072,0.013636363636363636,0.004545454545454545,0.004545454545454545
age_group,46-60,6,明星娱乐,605,0.37566854238824404,0.48694019520619886,0.01487603305785124,0.006611570247933884,0.003305785123966942
age_group,46-60,7,运动,636,0.41170981228694187,0.5764061516928548,0.026729559748427674,0.009433962264150943,0.0015723270440251573
age_group,46-60,8,颜值,112,0.28975469568066065,0.43199456183003965,0.017857142857142856,0.008928571428571428,0.008928571428571428
age_group,46-60,9,搞笑,2215,0.38387804483703086,0.5129268816794816,0.014446952595936794,0.005417607223476298,0.002708803611738149
age_group,46-60,10,旅游,250,0.33184600471467696,0.41894667714372663,0.028,0.004,0.004
age_group,46-60,11,生活,1406,0.37471619473103585,0.512693810013423,0.019203413940256046,0.002844950213371266,0.001422475106685633
age_group,46-60,12,美食,1512,0.3384619515268756,0.43986547723197505,0.011243386243386243,0.001984126984126984,0.0026455026455026454
age_group,46-60,13,三农,841,0.37610239899333725,0.5077873366452546,0.020214030915576695,0.005945303210463734,0.0011890606420927466
age_group,46-60,14,教育,103,0.4358412466707722,0.6103915513935173,0.019417475728155338,0.009708737864077669,0.0
age_group,46-60,15,才艺,758,0.34828594480173947,0.4548834540009338,0.014511873350923483,0.00395778364116095,0.00395778364116095
age_group,46-60,16,健康,460,0.3498064591680589,0.46304817013191824,0.008695652173913044,0.002173913043478261,0.004347826086956522
age_group,46-60,17,动物,483,0.3711511579365622,0.4955878043862873,0.018633540372670808,0.0,0.0
age_group,46-60,18,汽车,466,0.3325792235758751,0.411787878809527,0.01072961373390558,0.0,0.002145922746781116
age_group,46-60,19,情感,943,0.3534301268414227,0.44443174174964445,0.02545068928950159,0.006362672322375398,0.003181336161187699
age_group,46-60,20,二次元,316,0.3526595320528058,0.45014354520876676,0.0189873417721519,0.0189873417721519,0.0031645569620253164
age_group,46-60,21,历史,204,0.33501542338231705,0.3999253417210531,0.0196078431372549,0.004901960784313725,0.004901960784313725
age_group,46-60,22,财经,301,0.3473037145164576,0.4055992474673587,0.019933554817275746,0.0033222591362126247,0.0
age_group,46-60,23,宗教,44,0.4161595534827457,0.5697485026889297,0.09090909090909091,0.022727272727272728,0.022727272727272728
age_group,46-60,24,星座命理,77,0.3751003943985879,0.4699200683604982,0.025974025974025976,0.012987012987012988,0.0
age_group,46-60,25,亲子,980,0.4131843513828447,0.5813620506920357,0.024489795918367346,0.00510204081632653,0.003061224489795918
age_group,46-60,26,摄影,77,0.40259786245662377,0.5849938069021654,0.012987012987012988,0.012987012987012988,0.012987012987012988
age_group,46-60,27,高新数码,114,0.3224140452808711,0.40945811232006435,0.008771929824561403,0.0,0.0
age_group,46-60,28,资讯,772,0.38308507230007544,0.5203272188130634,0.014248704663212436,0.0051813471502590676,0.0012953367875647669
age_group,46-60,29,科学,103,0.37379537101104005,0.4891245569393123,0.009708737864077669,0.019417475728155338,0.009708737864077669
age_group,46-60,30,法律,200,0.361518306114046,0.45615179136454664,0.015,0.0,0.0
age_group,46-60,34,随手拍,100,0.4160651091354159,0.5734780203009242,0.01,0.0,0.0
age_group,46-60,35,军事,211,0.36010000906875533,0.4600432007741693,0.037914691943127965,0.0,0.0
age_group,46-60,36,房产家居,346,0.3771976052743626,0.5219034773598551,0.008670520231213872,0.0,0.0
age_group,46-60,37,奇人异象,103,0.34283856620540465,0.4365128871446964,0.0,0.0,0.009708737864077669
age_group,46-60,38,读书,283,0.28472186309367054,0.34264850612884773,0.014134275618374558,0.0035335689045936395,0.01060070671378092
age_group,46-60,39,影视和短剧,3924,0.3178013402477062,0.3753270240865324,0.016819571865443424,0.004332313965341488,0.0025484199796126403
age_group,60+,1,舞蹈,367,0.4146735903508989,0.5908883297534355,0.01907356948228883,0.0027247956403269754,0.0
age_group,60+,2,音乐,1426,0.2956865063481591,0.34043783396053423,0.029453015427769985,0.001402524544179523,0.0021037868162692847
age_group,60+,3,游戏,636,0.369983762026711,0.48776964587347377,0.02358490566037736,0.009433962264150943,0.0031446540880503146
age_group,60+,4,美妆,301,0.3640519317567383,0.49021507167794925,0.009966777408637873,0.006644518272425249,0.0033222591362126247
age_group,60+,5,穿搭,241,0.3724749493009987,0.5492527688477704,0.012448132780082987,0.004149377593360996,0.0
age_group,60+,6,明星娱乐,708,0.36888051214140044,0.48128500500976623,0.007062146892655367,0.00423728813559322,0.0014124293785310734
age_group,60+,7,运动,684,0.41264204052296505,0.5809524227345942,0.02046783625730994,0.0029239766081871343,0.0014619883040935672
age_group,60+,8,颜值,99,0.39471527397097683,0.5786040880612056,0.030303030303030304,0.0,0.0
age_group,60+,9,搞笑,2676,0.3902459437055236,0.5206345668128062,0.01195814648729447,0.004110612855007474,0.0018684603886397607
age_group,60+,10,旅游,313,0.31784192305274855,0.3996061193859446,0.006389776357827476,0.003194888178913738,0.0
age_group,60+,11,生活,1587,0.3881747888613313,0.5320358327003188,0.011342155009451797,0.001890359168241966,0.003780718336483932
age_group,60+,12,美食,1764,0.34501155283746154,0.44746835374815086,0.009070294784580499,0.0005668934240362812,0.002834467120181406
age_group,60+,13,三农,1019,0.375832577998371,0.50795637766948,0.019627085377821395,0.004906771344455349,0.004906771344455349
age_group,60+,14,教育,117,0.4150204918338813,0.5864652904950448,0.017094017094017096,0.008547008547008548,0.008547008547008548
age_group,60+,15,才艺,893,0.3387192307103572,0.4504822023748885,0.008958566629339306,0.004479283314669653,0.0
age_group,60+,16,健康,528,0.371089920576218,0.48794393124681434,0.015151515151515152,0.003787878787878788,0.00946969696969697
age_group,60+,17,动物,583,0.3750044598490271,0.5144562610710226,0.02058319039451115,0.008576329331046312,0.003430531732418525
age_group,60+,18,汽车,548,0.3080258089845555,0.3686056095844947,0.009124087591240875,0.0018248175182481751,0.0
age_group,60+,19,情感,1233,0.3623832372619006,0.46615937919063427,0.025952960259529603,0.0040551500405515,0.0032441200324412004
age_group,60+,20,二次元,349,0.39552880325170603,0.5158201358474714,0.03724928366762178,0.02005730659025788,0.0028653295128939827
age_group,60+,21,历史,226,0.3538848557109954,0.4188591680499996,0.022123893805309734,0.004424778761061947,0.004424778761061947
age_group,60+,22,财经,329,0.3566096611040693,0.44609644379087326,0.0121580547112462,0.0060790273556231,0.00303951367781155
age_group,60+,23,宗教,66,0.3276895551427572,0.4386367218660598,0.0,0.0,0.0
age_group,60+,24,星座命理,96,0.373068977612698,0.49802365395414366,0.020833333333333332,0.0,0.0
age_group,60+,25,亲子,1214,0.39929194328420736,0.5588695206791648,0.009060955518945634,0.005766062602965404,0.0008237232289950577
age_group,60+,26,摄影,65,0.37992887730431085,0.5468504965736822,0.03076923076923077,0.015384615384615385,0.0
age_group,60+,27,高新数码,74,0.37062593296024965,0.505294866037792,0.0,0.0,0.0
age_group,60+,28,资讯,843,0.41016113183211417,0.5677496616171668,0.021352313167259787,0.0035587188612099642,0.0035587188612099642
age_group,60+,29,科学,125,0.39364987430658777,0.5234886095701949,0.0,0.0,0.016
age_group,60+,30,法律,224,0.3911811840110756,0.5061962819293744,0.004464285714285714,0.008928571428571428,0.0
age_group,60+,34,随手拍,164,0.3939055452535782,0.564370046362965,0.006097560975609756,0.0,0.0
age_group,60+,35,军事,288,0.3817208553119677,0.4863858513105455,0.020833333333333332,0.0,0.0
age_group,60+,36,房产家居,439,0.3622893363660781,0.49701350880642,0.009111617312072893,0.00683371298405467,0.004555808656036446
age_group,60+,37,奇人异象,144,0.3983303837172455,0.5232959144333851,0.020833333333333332,0.013888888888888888,0.0
age_group,60+,38,读书,320,0.33528996989991866,0.4021721553331526,0.025,0.003125,0.003125
age_group,60+,39,影视和短剧,4638,0.32910530502405316,0.3997031309959075,0.014230271668822769,0.0034497628288055198,0.0008624407072013799
fre_city_level,unknown,3,游戏,2,0.512463556851312,0.6943634596695821,0.0,0.0,0.0
fre_city_level,unknown,4,美妆,1,0.217480577136515,0.0388457269700333,0.0,0.0,0.0
fre_city_level,unknown,5,穿搭,2,0.1092484337782604,0.2427742972850231,0.0,0.0,0.0
fre_city_level,unknown,7,运动,5,0.5081873055692965,0.684860679042881,0.0,0.0,0.0
fre_city_level,unknown,8,颜值,1,0.3880288310874334,0.4178418468609631,0.0,0.0,0.0
fre_city_level,unknown,9,搞笑,9,0.4209393908737689,0.490976424163931,0.0,0.0,0.0
fre_city_level,unknown,10,旅游,2,0.44499684000553,0.5444374222345111,0.0,0.0,0.0
fre_city_level,unknown,11,生活,7,0.4103087801225626,0.5943369717009327,0.0,0.0,0.0
fre_city_level,unknown,12,美食,4,0.5297601289784726,0.7328002866188279,0.0,0.0,0.0
fre_city_level,unknown,13,三农,1,0.65,1.0,0.0,0.0,0.0
fre_city_level,unknown,15,才艺,4,0.3077058796738532,0.3504575103863405,0.0,0.0,0.0
fre_city_level,unknown,16,健康,2,0.65,1.0,0.0,0.0,0.0
fre_city_level,unknown,17,动物,2,0.21968717934496246,0.26597150965547206,0.0,0.0,0.0
fre_city_level,unknown,18,汽车,2,0.0029655164185720074,0.0065900364857155724,0.0,0.0,0.0
fre_city_level,unknown,22,财经,2,0.4180715046705737,0.484603343712386,0.0,0.0,0.0
fre_city_level,unknown,25,亲子,5,0.44011709442348385,0.5335935431632973,0.0,0.0,0.0
fre_city_level,unknown,28,资讯,5,0.33083137733119317,0.3796252829582071,0.0,0.0,0.0
fre_city_level,unknown,29,科学,1,0.4386363636363636,0.5303030303030303,0.0,0.0,0.0
fre_city_level,unknown,30,法律,1,0.22023244835105546,0.04496099633567879,0.0,0.0,0.0
fre_city_level,unknown,35,军事,1,0.4117178202750948,0.4704840450557662,0.0,0.0,0.0
fre_city_level,unknown,36,房产家居,2,0.4409822092057525,0.5355160204572278,0.0,0.0,0.0
fre_city_level,unknown,39,影视和短剧,14,0.274323330953102,0.2604010529116553,0.0,0.0,0.0
fre_city_level,一线城市,1,舞蹈,34,0.38779387346154204,0.5611105684766294,0.0,0.0,0.0
fre_city_level,一线城市,2,音乐,215,0.2963121104934946,0.34622329463670626,0.03255813953488372,0.0,0.009302325581395349
fre_city_level,一线城市,3,游戏,131,0.3461638178589992,0.44694588871126184,0.022900763358778626,0.007633587786259542,0.0
fre_city_level,一线城市,4,美妆,60,0.31390730567139774,0.42534956815866154,0.016666666666666666,0.0,0.0
fre_city_level,一线城市,5,穿搭,51,0.2203402884369193,0.32624639260491867,0.0196078431372549,0.0,0.0
fre_city_level,一线城市,6,明星娱乐,249,0.3496184284192187,0.4587683059025921,0.012048192771084338,0.0,0.0
fre_city_level,一线城市,7,运动,150,0.35431129923586513,0.4940251094130337,0.0,0.0,0.0
fre_city_level,一线城市,8,颜值,14,0.3278003055663276,0.4744768695124741,0.0,0.0,0.0
fre_city_level,一线城市,9,搞笑,364,0.3913070583082614,0.5255541466679313,0.013736263736263736,0.0,0.0
fre_city_level,一线城市,10,旅游,93,0.28146481210547,0.33634952271944335,0.021505376344086023,0.0,0.0
fre_city_level,一线城市,11,生活,232,0.38180127156205224,0.5189453544290816,0.017241379310344827,0.0,0.0
fre_city_level,一线城市,12,美食,375,0.3071953579888916,0.3937674621975367,0.008,0.0026666666666666666,0.0
fre_city_level,一线城市,13,三农,143,0.35183348578825985,0.46949787828626505,0.0,0.006993006993006993,0.0
fre_city_level,一线城市,14,教育,24,0.4165974755670347,0.5554017975563733,0.08333333333333333,0.041666666666666664,0.0
fre_city_level,一线城市,15,才艺,59,0.33895969459011027,0.47075789004958585,0.03389830508474576,0.0,0.0
fre_city_level,一线城市,16,健康,48,0.2749721506704949,0.3448455200085072,0.020833333333333332,0.0,0.0
fre_city_level,一线城市,17,动物,136,0.4268237788452719,0.5767652601790355,0.04411764705882353,0.0,0.0
fre_city_level,一线城市,18,汽车,179,0.34303245996091875,0.4525488557790746,0.00558659217877095,0.0,0.0
fre_city_level,一线城市,19,情感,87,0.36158937004801783,0.47658429614757475,0.04597701149425287,0.0,0.0
fre_city_level,一线城市,20,二次元,38,0.3557318641633921,0.4542579437549063,0.02631578947368421,0.0,0.0
fre_city_level,一线城市,21,历史,25,0.42771269313785837,0.5993615403063519,0.04,0.0,0.0
fre_city_level,一线城市,22,财经,55,0.29808008174856576,0.3674506867139845,0.0,0.01818181818181818,0.0
fre_city_level,一线城市,23,宗教,5,0.5878903793602606,0.8619786208005789,0.0,0.0,0.0
fre_city_level,一线城市,24,星座命理,11,0.43662331539457194,0.5662336301697557,0.0,0.0,0.0
fre_city_level,一线城市,25,亲子,213,0.3896915898358105,0.5472541328641379,0.014084507042253521,0.004694835680751174,0.0
fre_city_level,一线城市,26,摄影,8,0.5009443937691835,0.738209763931519,0.125,0.0,0.0
fre_city_level,一线城市,27,高新数码,43,0.2895577443890275,0.3437200521306553,0.0,0.0,0.0
fre_city_level,一线城市,28,资讯,232,0.3874968437648962,0.5164680819296543,0.03017241379310345,0.0,0.004310344827586207
fre_city_level,一线城市,29,科学,46,0.39191768965197343,0.4912180542990713,0.08695652173913043,0.021739130434782608,0.043478260869565216
fre_city_level,一线城市,30,法律,49,0.3179596778607485,0.3777788759717314,0.04081632653061224,0.02040816326530612,0.0
fre_city_level,一线城市,34,随手拍,17,0.376872375680165,0.4714810962827196,0.0,0.0,0.0
fre_city_level,一线城市,35,军事,28,0.3515446694466718,0.4954960908338738,0.0,0.0,0.0
fre_city_level,一线城市,36,房产家居,91,0.3482526384714382,0.4515504298144292,0.04395604395604396,0.0,0.0
fre_city_level,一线城市,37,奇人异象,22,0.46930766397843393,0.6388655159116714,0.0,0.0,0.0
fre_city_level,一线城市,38,读书,19,0.22718958418923849,0.23001194147316162,0.05263157894736842,0.0,0.0
fre_city_level,一线城市,39,影视和短剧,514,0.3141586108343381,0.3722331429695192,0.017509727626459144,0.0019455252918287938,0.0019455252918287938
fre_city_level,三线城市,1,舞蹈,320,0.4061574864190586,0.5840999698201301,0.009375,0.00625,0.00625
fre_city_level,三线城市,2,音乐,976,0.3044895798605118,0.3661016164477675,0.030737704918032786,0.009221311475409836,0.0030737704918032786
fre_city_level,三线城市,3,游戏,1233,0.37143318441642875,0.4818547650454297,0.0340632603406326,0.009732360097323601,0.0032441200324412004
fre_city_level,三线城市,4,美妆,454,0.3310628632700874,0.443086343243366,0.01762114537444934,0.004405286343612335,0.0022026431718061676
fre_city_level,三线城市,5,穿搭,267,0.32710664977314785,0.4740530627501496,0.00749063670411985,0.0,0.003745318352059925
fre_city_level,三线城市,6,明星娱乐,827,0.389005848021612,0.5165869577156338,0.018137847642079808,0.009673518742442563,0.0024183796856106408
fre_city_level,三线城市,7,运动,757,0.43144367496899827,0.6076702244283917,0.02906208718626156,0.0066050198150594455,0.0
fre_city_level,三线城市,8,颜值,137,0.3024050788675933,0.454168626194003,0.021897810218978103,0.0,0.0072992700729927005
fre_city_level,三线城市,9,搞笑,2797,0.3947703613497035,0.5243374377942527,0.020378977475867,0.006792992491955667,0.001787629603146228
fre_city_level,三线城市,10,旅游,274,0.27149852020324566,0.3350413182132142,0.0072992700729927005,0.0036496350364963502,0.0036496350364963502
fre_city_level,三线城市,11,生活,1459,0.36835827105436914,0.49450174590203466,0.015764222069910898,0.003427004797806717,0.0013708019191226869
fre_city_level,三线城市,12,美食,1638,0.3440938714255955,0.4415489911750447,0.017094017094017096,0.004273504273504274,0.004273504273504274
fre_city_level,三线城市,13,三农,621,0.38363930827617687,0.5239935961334973,0.020933977455716585,0.00322061191626409,0.00322061191626409
fre_city_level,三线城市,14,教育,125,0.4166577261685089,0.5961282803744641,0.008,0.0,0.0
fre_city_level,三线城市,15,才艺,703,0.374505978828473,0.4984912379213417,0.017069701280227598,0.001422475106685633,0.001422475106685633
fre_city_level,三线城市,16,健康,375,0.39374403403997293,0.5283200756443843,0.010666666666666666,0.0026666666666666666,0.013333333333333334
fre_city_level,三线城市,17,动物,496,0.39680525151062007,0.5368073689483311,0.03024193548387097,0.014112903225806451,0.0
fre_city_level,三线城市,18,汽车,501,0.3431490206150572,0.4374258564122584,0.013972055888223553,0.003992015968063872,0.0
fre_city_level,三线城市,19,情感,919,0.3632129479227364,0.4747012432378061,0.023939064200217627,0.002176278563656148,0.001088139281828074
fre_city_level,三线城市,20,二次元,770,0.39995079902319297,0.518389942995263,0.03636363636363636,0.016883116883116882,0.003896103896103896
fre_city_level,三线城市,21,历史,194,0.38118096484429187,0.48532768819922817,0.015463917525773196,0.010309278350515464,0.005154639175257732
fre_city_level,三线城市,22,财经,237,0.3197260762174924,0.3851390535728616,0.008438818565400843,0.0,0.0
fre_city_level,三线城市,23,宗教,38,0.3038711591169653,0.3828715816634316,0.0,0.0,0.0
fre_city_level,三线城市,24,星座命理,119,0.37339206647269263,0.49549310756770154,0.025210084033613446,0.0,0.0
fre_city_level,三线城市,25,亲子,1199,0.4069085451195895,0.5617521000804148,0.01834862385321101,0.008340283569641367,0.0025020850708924102
fre_city_level,三线城市,26,摄影,96,0.3745981170298496,0.5373013711774435,0.020833333333333332,0.0,0.0
fre_city_level,三线城市,27,高新数码,138,0.32575888376946416,0.4392065372010637,0.0,0.0,0.007246376811594203
fre_city_level,三线城市,28,资讯,695,0.4133649296575665,0.5752474056339207,0.011510791366906475,0.004316546762589928,0.0014388489208633094
fre_city_level,三线城市,29,科学,143,0.3782879464349589,0.48399652432321866,0.03496503496503497,0.013986013986013986,0.0
fre_city_level,三线城市,30,法律,160,0.34181600636597986,0.428341125257733,0.01875,0.0,0.0
fre_city_level,三线城市,34,随手拍,160,0.44033993878800226,0.6320054195288939,0.01875,0.0125,0.0
fre_city_level,三线城市,35,军事,200,0.3700193217418624,0.4633762705374721,0.02,0.0,0.0
fre_city_level,三线城市,36,房产家居,359,0.35413614740477445,0.4901570839883257,0.008356545961002786,0.002785515320334262,0.0
fre_city_level,三线城市,37,奇人异象,133,0.3698784008064593,0.48811741532596625,0.03007518796992481,0.007518796992481203,0.007518796992481203
fre_city_level,三线城市,38,读书,252,0.3281179762346598,0.3757119048600907,0.031746031746031744,0.015873015873015872,0.003968253968253968
fre_city_level,三线城市,39,影视和短剧,4124,0.31910987527084594,0.37784196875577575,0.01673132880698351,0.004849660523763337,0.0016973811833171678
fre_city_level,二线城市,1,舞蹈,247,0.5107911080223363,0.7482267537698343,0.02834008097165992,0.004048582995951417,0.0
fre_city_level,二线城市,2,音乐,615,0.31373124477104275,0.37215796037648163,0.02926829268292683,0.0065040650406504065,0.0
fre_city_level,二线城市,3,游戏,728,0.421903311120213,0.5756581516957116,0.03021978021978022,0.005494505494505495,0.0027472527472527475
fre_city_level,二线城市,4,美妆,321,0.3850824167405437,0.5485043667269957,0.024922118380062305,0.003115264797507788,0.003115264797507788
fre_city_level,二线城市,5,穿搭,225,0.3317049453160607,0.5001785093434575,0.0044444444444444444,0.008888888888888889,0.0
fre_city_level,二线城市,6,明星娱乐,540,0.39668591559049693,0.5302896889665364,0.03888888888888889,0.011111111111111112,0.0
fre_city_level,二线城市,7,运动,478,0.43764480060658234,0.6196848660620473,0.02510460251046025,0.0041841004184100415,0.0
fre_city_level,二线城市,8,颜值,104,0.4790430578530126,0.7237281627502844,0.019230769230769232,0.0,0.0
fre_city_level,二线城市,9,搞笑,1736,0.3999496760079324,0.5244017377749239,0.03744239631336405,0.008064516129032258,0.002880184331797235
fre_city_level,二线城市,10,旅游,225,0.32455443080209423,0.40320737709107346,0.017777777777777778,0.0,0.0
fre_city_level,二线城市,11,生活,1016,0.4115216532248954,0.5793875758453493,0.01968503937007874,0.003937007874015748,0.001968503937007874
fre_city_level,二线城市,12,美食,1124,0.3355479723114283,0.4351441693911534,0.016903914590747332,0.0017793594306049821,0.0017793594306049821
fre_city_level,二线城市,13,三农,398,0.3797612288674886,0.5200724125586847,0.017587939698492462,0.007537688442211055,0.0
fre_city_level,二线城市,14,教育,84,0.4437278282932712,0.6135750681649412,0.023809523809523808,0.011904761904761904,0.011904761904761904
fre_city_level,二线城市,15,才艺,459,0.3578530345047253,0.48077725895748674,0.0196078431372549,0.013071895424836602,0.0
fre_city_level,二线城市,16,健康,231,0.38660153576425493,0.5362670010730437,0.017316017316017316,0.0,0.008658008658008658
fre_city_level,二线城市,17,动物,387,0.39982431486117165,0.5456331315031491,0.03359173126614987,0.002583979328165375,0.00516795865633075
fre_city_level,二线城市,18,汽车,386,0.3720197383593901,0.48992296492069426,0.0051813471502590676,0.0,0.0
fre_city_level,二线城市,19,情感,512,0.3887912000712372,0.5122877362694159,0.02734375,0.00390625,0.001953125
fre_city_level,二线城市,20,二次元,359,0.43539782379491515,0.5843876121471652,0.06406685236768803,0.013927576601671309,0.0
fre_city_level,二线城市,21,历史,123,0.37857651068458276,0.471814106851015,0.056910569105691054,0.0,0.0
fre_city_level,二线城市,22,财经,152,0.35680271743252223,0.4529826469260728,0.019736842105263157,0.0,0.0
fre_city_level,二线城市,23,宗教,29,0.44529067630932084,0.6025616561663069,0.10344827586206896,0.0,0.0
fre_city_level,二线城市,24,星座命理,71,0.45320349729576387,0.6377918093270496,0.0,0.0,0.0
fre_city_level,二线城市,25,亲子,662,0.42404250339467336,0.597200863535662,0.01661631419939577,0.00906344410876133,0.0030211480362537764
fre_city_level,二线城市,26,摄影,55,0.38594107522979243,0.5424953186924679,0.05454545454545454,0.0,0.0
fre_city_level,二线城市,27,高新数码,112,0.3522920509097259,0.47037122424383515,0.044642857142857144,0.017857142857142856,0.0
fre_city_level,二线城市,28,资讯,481,0.4330724766531428,0.6046563237244706,0.010395010395010396,0.004158004158004158,0.002079002079002079
fre_city_level,二线城市,29,科学,83,0.4043543167543832,0.5590738498156307,0.0,0.0,0.012048192771084338
fre_city_level,二线城市,30,法律,91,0.35234152375946337,0.45941584034459504,0.01098901098901099,0.01098901098901099,0.0
fre_city_level,二线城市,34,随手拍,101,0.4472829129284643,0.6441270452315707,0.019801980198019802,0.0,0.0
fre_city_level,二线城市,35,军事,93,0.36924538730379813,0.4884067149164451,0.021505376344086023,0.0,0.0
fre_city_level,二线城市,36,房产家居,228,0.39579085327839514,0.564233085258032,0.0043859649122807015,0.0,0.0
fre_city_level,二线城市,37,奇人异象,75,0.3582957919224347,0.4605091672350401,0.04,0.0,0.013333333333333334
fre_city_level,二线城市,38,读书,150,0.2863747511433509,0.32972166920744655,0.006666666666666667,0.0,0.0
fre_city_level,二线城市,39,影视和短剧,2687,0.3120182666567658,0.35905643014243865,0.02940081875697804,0.004093784890212133,0.0011164867882396724
fre_city_level,五线城市,1,舞蹈,305,0.4078829654853489,0.57765721484893,0.04262295081967213,0.003278688524590164,0.003278688524590164
fre_city_level,五线城市,2,音乐,1033,0.28584083623845197,0.33977322541534016,0.028073572120038724,0.000968054211035818,0.000968054211035818
fre_city_level,五线城市,3,游戏,958,0.3562305541344989,0.46151443020378086,0.015657620041753653,0.008350730688935281,0.0020876826722338203
fre_city_level,五线城市,4,美妆,391,0.32213035193973716,0.4451433225827635,0.0076726342710997444,0.0025575447570332483,0.0025575447570332483
fre_city_level,五线城市,5,穿搭,270,0.3307122848675979,0.4818297688415755,0.011111111111111112,0.003703703703703704,0.0
fre_city_level,五线城市,6,明星娱乐,777,0.40099589008876874,0.5310848179578815,0.021879021879021878,0.003861003861003861,0.001287001287001287
fre_city_level,五线城市,7,运动,726,0.4233186966766817,0.5969065619445084,0.02203856749311295,0.011019283746556474,0.005509641873278237
fre_city_level,五线城市,8,颜值,124,0.38822379760423964,0.5706048548911417,0.03225806451612903,0.016129032258064516,0.0
fre_city_level,五线城市,9,搞笑,2785,0.3689938896199731,0.48263168103832044,0.015080789946140035,0.005026929982046679,0.001436265709156194
fre_city_level,五线城市,10,旅游,271,0.2881456906550016,0.35635491732271785,0.01107011070110701,0.01107011070110701,0.0036900369003690036
fre_city_level,五线城市,11,生活,1473,0.3803959708897968,0.5233510826290573,0.016293279022403257,0.0027155465037338763,0.0027155465037338763
fre_city_level,五线城市,12,美食,1685,0.33106169591679946,0.4245947347442228,0.01543026706231454,0.0017804154302670622,0.0017804154302670622
fre_city_level,五线城市,13,三农,683,0.35985085388289817,0.48283108248582873,0.014641288433382138,0.007320644216691069,0.0014641288433382138
fre_city_level,五线城市,14,教育,124,0.4086637567687544,0.572120176331999,0.016129032258064516,0.0,0.0
fre_city_level,五线城市,15,才艺,904,0.35892277394284694,0.4756297631374965,0.016592920353982302,0.0055309734513274336,0.0011061946902654867
fre_city_level,五线城市,16,健康,342,0.35867177557998453,0.47053766893017995,0.014619883040935672,0.0029239766081871343,0.0
fre_city_level,五线城市,17,动物,524,0.3789599224048084,0.5151611507214572,0.026717557251908396,0.007633587786259542,0.0
fre_city_level,五线城市,18,汽车,542,0.3580824092482695,0.46884241825568707,0.012915129151291513,0.0036900369003690036,0.02029520295202952
fre_city_level,五线城市,19,情感,851,0.3644340051254097,0.4670148540585549,0.02702702702702703,0.010575793184488837,0.0035252643948296123
fre_city_level,五线城市,20,二次元,600,0.39629102444477055,0.5175587174278193,0.035,0.008333333333333333,0.0
fre_city_level,五线城市,21,历史,127,0.35711142080105196,0.4448495265395204,0.007874015748031496,0.007874015748031496,0.007874015748031496
fre_city_level,五线城市,22,财经,187,0.3151153428244039,0.3826092585640348,0.0053475935828877,0.0053475935828877,0.0053475935828877
fre_city_level,五线城市,23,宗教,37,0.3581368242561297,0.4865503001487566,0.02702702702702703,0.0,0.0
fre_city_level,五线城市,24,星座命理,98,0.423892237160807,0.565565515686147,0.061224489795918366,0.01020408163265306,0.0
fre_city_level,五线城市,25,亲子,1117,0.4022398109849536,0.5474820827020654,0.017905102954341987,0.008057296329453895,0.0017905102954341987
fre_city_level,五线城市,26,摄影,89,0.33313522507730065,0.4748822729557992,0.011235955056179775,0.0,0.011235955056179775
fre_city_level,五线城市,27,高新数码,128,0.30335197199068065,0.4157821599792903,0.0,0.0,0.0078125
fre_city_level,五线城市,28,资讯,658,0.4002293472220232,0.5599490390816995,0.019756838905775075,0.00303951367781155,0.0
fre_city_level,五线城市,29,科学,136,0.38635703905643526,0.4997476684914247,0.007352941176470588,0.007352941176470588,0.014705882352941176
fre_city_level,五线城市,30,法律,134,0.3692902031383249,0.4765321263770403,0.007462686567164179,0.007462686567164179,0.0
fre_city_level,五线城市,34,随手拍,151,0.4042588013007922,0.5782645915587877,0.013245033112582781,0.0,0.0
fre_city_level,五线城市,35,军事,120,0.42052374342269366,0.5382009113096896,0.03333333333333333,0.0,0.0
fre_city_level,五线城市,36,房产家居,342,0.35722621774909635,0.4910420173501686,0.005847953216374269,0.005847953216374269,0.0
fre_city_level,五线城市,37,奇人异象,119,0.3459077431751109,0.4409527812854938,0.025210084033613446,0.008403361344537815,0.0
fre_city_level,五线城市,38,读书,227,0.3181468052657746,0.3813932921716185,0.01762114537444934,0.004405286343612335,0.00881057268722467
fre_city_level,五线城市,39,影视和短剧,4781,0.31051245576537323,0.36408471078307625,0.014013804643380047,0.004392386530014641,0.002091612633340305
fre_city_level,四线城市,1,舞蹈,316,0.3952900190234622,0.5652988693560003,0.03164556962025317,0.00949367088607595,0.0
fre_city_level,四线城市,2,音乐,1136,0.2967276971849177,0.3494574804422271,0.0448943661971831,0.01232394366197183,0.002640845070422535
fre_city_level,四线城市,3,游戏,1202,0.3752360234502288,0.493036975757395,0.02745424292845258,0.011647254575707155,0.004159733777038269
fre_city_level,四线城市,4,美妆,421,0.3189151016453664,0.41733047132593953,0.0332541567695962,0.0023752969121140144,0.0
fre_city_level,四线城市,5,穿搭,258,0.30575693603959203,0.4374271274609366,0.011627906976744186,0.0,0.0
fre_city_level,四线城市,6,明星娱乐,853,0.40254965325556985,0.5265464484225636,0.03751465416178194,0.009378663540445486,0.0023446658851113715
fre_city_level,四线城市,7,运动,735,0.41579044040510005,0.5821495803408874,0.024489795918367346,0.0013605442176870747,0.0027210884353741495
fre_city_level,四线城市,8,颜值,105,0.3740008394900366,0.5358748814064305,0.047619047619047616,0.0,0.0
fre_city_level,四线城市,9,搞笑,2781,0.3933549810886838,0.5282513903133402,0.017259978425026967,0.005393743257820928,0.002876663070837828
fre_city_level,四线城市,10,旅游,305,0.3041350459544768,0.3807736904635003,0.019672131147540985,0.0,0.0
fre_city_level,四线城市,11,生活,1463,0.39211467158487634,0.53580700573057,0.017088174982911826,0.003417634996582365,0.003417634996582365
fre_city_level,四线城市,12,美食,1714,0.3393098778749914,0.4391898491867434,0.012835472578763127,0.001750291715285881,0.0005834305717619603
fre_city_level,四线城市,13,三农,716,0.37805189343664436,0.5174585838008608,0.015363128491620111,0.006983240223463687,0.002793296089385475
fre_city_level,四线城市,14,教育,146,0.41897229280820947,0.5977162062404654,0.0136986301369863,0.0,0.0
fre_city_level,四线城市,15,才艺,819,0.3622977539505543,0.47912592724326125,0.015873015873015872,0.007326007326007326,0.003663003663003663
fre_city_level,四线城市,16,健康,321,0.34124552145926706,0.4576657140077862,0.003115264797507788,0.006230529595015576,0.003115264797507788
fre_city_level,四线城市,17,动物,558,0.3961553032000691,0.536936117824128,0.017921146953405017,0.0035842293906810036,0.0017921146953405018
fre_city_level,四线城市,18,汽车,472,0.31318379944101005,0.3959169177785158,0.00211864406779661,0.00211864406779661,0.00211864406779661
fre_city_level,四线城市,19,情感,854,0.37412872301265515,0.49111613180537983,0.03278688524590164,0.0117096018735363,0.00468384074941452
fre_city_level,四线城市,20,二次元,697,0.4016060914889792,0.5218538044566189,0.06025824964131994,0.024390243902439025,0.00430416068866571
fre_city_level,四线城市,21,历史,182,0.3484524586715742,0.42269044539959105,0.016483516483516484,0.005494505494505495,0.0
fre_city_level,四线城市,22,财经,239,0.35825138951829155,0.43135362245347914,0.02092050209205021,0.008368200836820083,0.0041841004184100415
fre_city_level,四线城市,23,宗教,55,0.3711059871212731,0.5499324966331322,0.0,0.0,0.0
fre_city_level,四线城市,24,星座命理,125,0.4343169599073925,0.5838154664608722,0.024,0.016,0.0
fre_city_level,四线城市,25,亲子,1042,0.4043993480797236,0.565780894382985,0.018234165067178502,0.005758157389635317,0.0019193857965451055
fre_city_level,四线城市,26,摄影,121,0.3940337431777087,0.5468885752893066,0.0743801652892562,0.024793388429752067,0.0
fre_city_level,四线城市,27,高新数码,135,0.30140149841374875,0.3998222598494829,0.0,0.0,0.0
fre_city_level,四线城市,28,资讯,713,0.41455736126141735,0.5752513591378854,0.021037868162692847,0.0070126227208976155,0.002805049088359046
fre_city_level,四线城市,29,科学,151,0.3875825239855075,0.5272253292393176,0.013245033112582781,0.013245033112582781,0.0
fre_city_level,四线城市,30,法律,146,0.36819495747799574,0.4711790531474488,0.0136986301369863,0.0136986301369863,0.0
fre_city_level,四线城市,34,随手拍,153,0.40072924778431657,0.5731528672621704,0.0196078431372549,0.0,0.0
fre_city_level,四线城市,35,军事,179,0.3846018024700307,0.4927836454641278,0.03910614525139665,0.00558659217877095,0.0
fre_city_level,四线城市,36,房产家居,291,0.365877734869322,0.5002704913858167,0.006872852233676976,0.003436426116838488,0.006872852233676976
fre_city_level,四线城市,37,奇人异象,129,0.40608394216201654,0.5294544106615009,0.007751937984496124,0.007751937984496124,0.0
fre_city_level,四线城市,38,读书,295,0.3261550860644629,0.3893465189379779,0.030508474576271188,0.010169491525423728,0.003389830508474576
fre_city_level,四线城市,39,影视和短剧,4530,0.3270136983695239,0.38581410528032517,0.017880794701986755,0.006622516556291391,0.0017660044150110375
fre_city_level,新一线城市,1,舞蹈,114,0.3919061688367615,0.5609610769471892,0.0,0.02631578947368421,0.0
fre_city_level,新一线城市,2,音乐,436,0.2873571147126218,0.33969267081907806,0.022935779816513763,0.006880733944954129,0.006880733944954129
fre_city_level,新一线城市,3,游戏,399,0.37553033088154936,0.506469518361115,0.012531328320802004,0.007518796992481203,0.0
fre_city_level,新一线城市,4,美妆,187,0.2919387390545891,0.38909737615220624,0.016042780748663103,0.0,0.0
fre_city_level,新一线城市,5,穿搭,131,0.2603487743281795,0.37414231445278223,0.007633587786259542,0.007633587786259542,0.0
fre_city_level,新一线城市,6,明星娱乐,388,0.36498457948742546,0.4843299933626635,0.01804123711340206,0.002577319587628866,0.0
fre_city_level,新一线城市,7,运动,286,0.42206985034990124,0.5997045625491201,0.027972027972027972,0.006993006993006993,0.0034965034965034965
fre_city_level,新一线城市,8,颜值,39,0.3041895972630049,0.459452666282461,0.0,0.0,0.0
fre_city_level,新一线城市,9,搞笑,1151,0.3658994968246204,0.4844489252729763,0.019113814074717638,0.008688097306689836,0.0008688097306689834
fre_city_level,新一线城市,10,旅游,134,0.2742897820173059,0.3168296980152403,0.007462686567164179,0.007462686567164179,0.0
fre_city_level,新一线城市,11,生活,648,0.3529217628208426,0.47820062519858014,0.015432098765432098,0.0030864197530864196,0.0
fre_city_level,新一线城市,12,美食,758,0.31303690597691725,0.3950512305203848,0.013192612137203167,0.0013192612137203166,0.0013192612137203166
fre_city_level,新一线城市,13,三农,250,0.37280390835943905,0.5028531296876424,0.02,0.0,0.004
fre_city_level,新一线城市,14,教育,77,0.38539374585484865,0.5317552216687834,0.03896103896103896,0.025974025974025976,0.0
fre_city_level,新一线城市,15,才艺,284,0.3718423566793029,0.5066762855784194,0.01056338028169014,0.0,0.0
fre_city_level,新一线城市,16,健康,154,0.31084723556128363,0.4223733661823619,0.0,0.0,0.0
fre_city_level,新一线城市,17,动物,219,0.36412405476239207,0.49358871631622375,0.0136986301369863,0.0,0.0
fre_city_level,新一线城市,18,汽车,291,0.34233665418953535,0.4510879447816325,0.003436426116838488,0.0,0.0
fre_city_level,新一线城市,19,情感,390,0.34153602672821776,0.4492823385983187,0.028205128205128206,0.005128205128205128,0.0
fre_city_level,新一线城市,20,二次元,192,0.3907531127146368,0.5118587689954891,0.041666666666666664,0.0,0.0
fre_city_level,新一线城市,21,历史,80,0.3101534805294889,0.3531188456210864,0.05,0.0125,0.0
fre_city_level,新一线城市,22,财经,131,0.32208083370035273,0.3742593590287736,0.030534351145038167,0.0,0.007633587786259542
fre_city_level,新一线城市,23,宗教,25,0.3901188359114356,0.5620418575809678,0.0,0.04,0.04
fre_city_level,新一线城市,24,星座命理,35,0.3810215386193866,0.5428563127733822,0.0,0.0,0.0
fre_city_level,新一线城市,25,亲子,418,0.392903000770778,0.5539790235097565,0.014354066985645933,0.004784688995215311,0.0023923444976076554
fre_city_level,新一线城市,26,摄影,31,0.3403157486943453,0.47668732684764903,0.06451612903225806,0.0,0.0
fre_city_level,新一线城市,27,高新数码,91,0.30746968584863127,0.4085406938272392,0.0,0.0,0.0
fre_city_level,新一线城市,28,资讯,346,0.3817318587431618,0.513032903822312,0.005780346820809248,0.005780346820809248,0.0
fre_city_level,新一线城市,29,科学,77,0.3534759289526942,0.4622697411069972,0.0,0.0,0.0
fre_city_level,新一线城市,30,法律,70,0.33114489189703755,0.4200045216759564,0.014285714285714285,0.0,0.0
fre_city_level,新一线城市,34,随手拍,55,0.37856748815259605,0.5362105797330416,0.01818181818181818,0.0,0.0
fre_city_level,新一线城市,35,军事,91,0.37179971288999597,0.4648052227836296,0.04395604395604396,0.0,0.0
fre_city_level,新一线城市,36,房产家居,155,0.33571373303810664,0.4506900160703445,0.025806451612903226,0.0,0.0
fre_city_level,新一线城市,37,奇人异象,47,0.3782334141809352,0.5284619605912035,0.0,0.0,0.0
fre_city_level,新一线城市,38,读书,115,0.30211572508134216,0.3631557175720647,0.008695652173913044,0.0,0.0
fre_city_level,新一线城市,39,影视和短剧,1819,0.2990524242457038,0.34908846094060864,0.012094557449147883,0.003298515667949423,0.0005497526113249038
